Dealer,Person(s),Phone,Email,Website,Address,SlowFoodLink
Onkel Franz - Wenzel & Wett GbR,Markus Wenzel  und Martin Wett,(01 74) 3 32 86 11,info@onkelfranz.net,https://www.onkelfranz.net,"Meschwitzstraße 5,  01099 Dresden, Sachsen",https://www.slowfood.de/unterstuetzer/haendler/onkel_franz_wenzel_wett_gbr
SUPERIORE.DE GMBH,Herr Lutz Heimrich,03523 / 53 368 - 0,kontakt@superiore.de,http://www.superiore.de,"Koehlerstrasse 22,  01640 Coswig, Sachsen",https://www.slowfood.de/unterstuetzer/haendler/superiorede_gmbh
Rothenburger Marktfrisch GmbH,Rüdiger Hackel und Klaus-Dieter Wolf,035891-32 10 3,info@marktfrisch-rothenburg.de,http://www.marktfrisch-rothenburg.de,"Dransfelder Straße 7,  02929 Rothenburg, Sachsen",https://www.slowfood.de/unterstuetzer/haendler/rothenburger_marktfrisch_gmbh
Dipasquale - Italien für Zuhause,Frau Andrea Dipasquale,(03 41) 24 74 18 21,andrea.dipasquale@gmail.com,http://dipasquale.de,"Karl - Heine - Straße 63,  04229 Leipzig, Sachsen",https://www.slowfood.de/unterstuetzer/haendler/dipasquale_italien_fuer_zuhause
Henke Party und Veranstaltungsservice Feinkosthandel,Matthias Henke,0345- 52 17 60,info@henkeparty.de,http://www.Henkeparty.de,"Reilstr. 7,  06114 Halle (Saale), Sachsen-Anhalt",https://www.slowfood.de/unterstuetzer/haendler/henke_party_und_veranstaltungsservice_feinkosthandel
Regionalladen Harz - Quedlinburg,Frau Simone Seiboth,(01 73)1 63 48 02,info@harzer-naturkueche.de,http://www.regionalladen-harz.de,"Steinbrücke 20,  06484 Quedlinburg, Sachsen-Anhalt",https://www.slowfood.de/unterstuetzer/haendler/regionalladen_harz_quedlinburg
"Feinkost 30, Zwickau",Christiane Dreißig,0375 - 786276,postbox@feinkost30.de,http://www.feinkost30.de,"Äußere Zwickauer Str. 23 ,  08064  Zwickau, Sachsen",https://www.slowfood.de/unterstuetzer/haendler/feinkost_30_zwickau
TRY FOODS GmbH & Co. KG ,Herr Jörn Gutowski,030 - 20896769,info@tryfoods.de,https://www.tryfoods.de,"Max-Beer-Str. 18,  10119 Berlin, Berlin",https://www.slowfood.de/unterstuetzer/haendler/try_foods_gmbh_co_kg
SAKE KONTOR Berlin,Frau Susanne Rost-Aoki,030-21237601,buero@sake-kontor.de,http://www.sake-kontor.de,"Markgrafendamm 34,  10245 Berlin, Berlin",https://www.slowfood.de/unterstuetzer/haendler/sake_kontor_berlin
Dr. Kochan Schnapskultur ,Herr Thomas Kochan,(0)30/34 62 40 76,info@schnapskultur.de,http://www.schnapskultur.de,"Immanuelkirchstr. 4 ,  10405 Berlin, Berlin",https://www.slowfood.de/unterstuetzer/haendler/dr_kochan_schnapskultur
Saftoo UG,Herr Toralf Schneider,030 - 22391259,info@saftoo.de,http://www.saftoo.de,"Georg-Blank-Str. 7,  10409 Berlin, Berlin",https://www.slowfood.de/unterstuetzer/haendler/saftoo_ug
Weiss Fruchtimport GmbH ,Herr Olaf Weiss,(0 30) 39 60 93 -0,kontakt@weiss-frucht.de,http://www.weiss.berlin,"Beusselstraße 44 n-q ,  10553  Berlin, Berlin",https://www.slowfood.de/unterstuetzer/haendler/weiss_fruchtimport_gmbh
Wein & Glas,Georg Mauer,030 - 5 15 20,info@weinundglas.com,http://www.weinundglas.com,"Prinzregentenstr. 2,  10717 Berlin, Berlin",https://www.slowfood.de/unterstuetzer/haendler/wein__glas
Olio Costa e. Kfm. ,Herr Arkadius Michalczyk,(030) 54 89 26 55 ,arkadius@olio-costa.de,https://olio-costa.de,"Baerwaldstraße 7,  10961 Berlin, Berlin",https://www.slowfood.de/unterstuetzer/haendler/olio_costa_e_kfm
Benis Levis - grinbox - Griechische innovative Produkte,Benis und Aliki Levis,(0 30) 23 96 21 50,ben@grinbox.de,https://www.facebook.com/grinboxberlin,"Planufer 77,  10967 Berlin, Berlin",https://www.slowfood.de/unterstuetzer/haendler/benis_levis_grinbox
The Food Assembly - EQUANUM GmbH ,Yatan Blumenthal Vargas,0151 - 2413 94 54 ,de@foodassembly.de,https://thefoodassembly.com/de,"Prinzessinnenstr. 19 - 20,  10969 Berlin, Berlin",https://www.slowfood.de/unterstuetzer/haendler/the_food_assembly_equanum_gmbh
Markthalle Neun GmbH ,"Nikolaus Driessen, Bernd Meier, Florian Nildermeier ",030/577 094 661 ,info@markthalleneun.de,http://www.markthalleneun.de,"Eisenbahnstrasse 42/43 ,  10997 Berlin - Kreuzberg, Berlin",https://www.slowfood.de/unterstuetzer/haendler/markthalle_neun_gmbh
Weinhandlung Suff,"Herr Uwe Kroker, Koschate GbR",030 - 61 421 48,suff@suffberlin.de,http://www.suffberlin.de,"Oranienstr. 200,  10999 Berlin, Berlin",https://www.slowfood.de/unterstuetzer/haendler/weinhandlung_suff
MarleySpoon GmbH,Herr Till Neatby,030 - 208 480 510,kontakt@marleyspoon.de,http://www.marleyspoon.de,"Paul-Lincke-Ufer 39-40,  10999  Berlin, Berlin",https://www.slowfood.de/unterstuetzer/haendler/marleyspoon_gmbh
Havelland-Express-Frischdienst GmbH,Michael Kunzmann,030-32003200,post@havelland-express.de,http://www.havelland-express.de,"Gottlieb-Dunkel-Str.20-21,  12099 Berlin, Berlin",https://www.slowfood.de/unterstuetzer/haendler/havelland_express_frischdienst_gmbh
Augenoptik Schulze-Gunst ,Herr Hauke Schulze-Gunst ,030 / 8 33 70 10 ,look@schulze-gunst.de,http://www.schulze-gunst.de,"Curtiusstr. 6,  12205 Berlin, Berlin",https://www.slowfood.de/unterstuetzer/haendler/augenoptik_schulze_gunst
Biolüske Handels GmbH,Herrn Frank Lüske,030 - 8 02 02 01 60,info@biolueske.de,http://www.biolueske.de,"Drakestraße 50,  12205 Berlin, Berlin",https://www.slowfood.de/unterstuetzer/haendler/biolueske_handels_gmbh
Robert Lindner GmbH,Michael Lindner,030-7 10 91-0,info@lindner-esskultur.de,http://www.lindner-esskultur.de,"Ostpreußendamm 90 92,  12207 Berlin, Berlin",https://www.slowfood.de/unterstuetzer/haendler/lindner_feinkostgeschaefte_gmbh
Schokozeit AG,Peer Michaelis,030-53024899-0,PM@schokozeit.de,http://www.schokozeit.de,"Wilhelminenhofstr. 83-86,  12459 Berlin, Berlin",https://www.slowfood.de/unterstuetzer/haendler/schokozeit_ag
natUrsprung - feine Schaf- und Ziegenspezialitäten,Achim Jens Freitag ,030 - 20889634,info@natursprung-freitag.de,http://www.natursprung-freitag.de,"General-Barby-Str. 127,  13403 Berlin, Berlin",https://www.slowfood.de/unterstuetzer/haendler/natursprung
Vinotria ital. Weinhandlung GmbH & Co.KG,Patrick Groth,030-3021728,patrickgroth@gmx.de,http://www.centro-italia.de,"Sophie-Charlotten-Str. 9-10,  14059 Berlin- Charlottenburg, Berlin",https://www.slowfood.de/unterstuetzer/haendler/vinotria_ital_weinhandlung_gmbh_co_kg
Teekampagne - Projektwerkstatt - Gesellschaft für kreative Ökonomie mbH,Herr Thomas Räuchle,+49 (0)331 74 74 74,info@teekampagne.de,http://www.teekampagne.de,"Pasteurstr. 6-7,  14482  Potsdam, Brandenburg",https://www.slowfood.de/unterstuetzer/haendler/projektwerkstatt_gesellschaft_fuer_kreative_oekonomie_mbh
d. die Pfanne®  - denk trade Sourcing,Frau Natja Denk,(03 99 31) 53 36 22,kontakt@diepfanne.com,https://www.diepfanne.com,"Plauer Straße 6,  17207 Röbel / Müritz, Mecklenburg-Vorpommern",https://www.slowfood.de/unterstuetzer/haendler/d_die_pfanne_denk_trade_sourcing
"Rugia Touristik GmbH, Hotel-Park Ambiance",Direktor Stefan von Heine,038303-122-0,info@hotel-ambiance.de,"Wilhelmstr. 24,  18586 Ostseebad Sellin, Mecklenburg-Vorpommern",https://www.slowfood.de/unterstuetzer/haendler/rugia_touristik_gmbh_hotel_park_ambiance
naturkost nord Großhandelsgesellschaft mbH,Herr Mathias Deppe,+49 4105 58040 0,matthias.deppe@naturkost-nord.de,http://www.naturkost-nord.de,"Am Bauhof 2,  21218  Seevetal, Niedersachsen",https://www.slowfood.de/unterstuetzer/haendler/naturkost_nord_grosshandelsgesellschaft_mbh
Pinot Giris Weinhandel,Jochen Krehahn,040-4303758,Post@pinotgris.de,http://www.pinotgris.de,"Jacobsenweg 6 8,  22525 Hamburg, Hamburg",https://www.slowfood.de/unterstuetzer/haendler/pinot_giris_weinhandel
Solvino GmbH - Lust auf das Besondere,Herr Dr. Kai Grimme,040-555 663 260 ,info@solvino.de,http://www.solvino.de,"Ottensener Str. 12c,  22525 Hamburg, Hamburg",https://www.slowfood.de/unterstuetzer/haendler/solvino_gmbh_1
Eberhard Pütter Safran Vanille Handel,Christoph Hantke,04103 - 930 350,kontakt@safran-puetter.de,http://www.safran-puetter.de,"Schulauer Moorweg 21,  22880  Wedel / bei Hamburg, Schleswig-Holstein",https://www.slowfood.de/unterstuetzer/haendler/eberhard_puetter_safran_vanille_handel
Ulrich Stapff Geflügelhandels-GmbH,Ulrich Stapff,04102 - 995130,stapff@gmx.de,http://www.stapff-feinkost.de,"Rondeel 4,  22926 Ahrensburg, Schleswig-Holstein",https://www.slowfood.de/unterstuetzer/haendler/ulrich_stapf_gefluegelhandels_gmbh
Boomers Gourmet,Herr Andreas Boomers,0451 - 88 19 051,info@boomers-gourmet.de,http://www.boomers-gourmet.de,"Langenfelde 39,  23611  Bad Schwartau, Schleswig-Holstein",https://www.slowfood.de/unterstuetzer/haendler/boomers_gourmet
Marxen Wein GmbH & Co. KG,Herr Jan Peter Marxen,0431-88 81 92 3,jan@marxenwein.de,http://www.marxenwein.de,"Knooper Weg 99-105, Im Hof,  24116 Kiel, Schleswig-Holstein",https://www.slowfood.de/unterstuetzer/haendler/marxen_wein_gmbh_co_kg
Azafran GmbH,Herr Dirk Schneider,(0 41 21) 2 62 95 90,info@azafran.de,http://www.azafran.de,"Rosenstraße 9,  25365 Klein Offenseth-Sparrieshoop, Hamburg",https://www.slowfood.de/unterstuetzer/haendler/azafran_ug
Weinhaus von Staden OHG,Thorben von Staden,04821-8898935,info@weinhausvonstaden.de,"Sachsenweg 1,  25569  Kremperheide, Schleswig-Holstein",https://www.slowfood.de/unterstuetzer/haendler/weinhaus_von_staden_ohg
Ecocion OHG,Olaf Emke & Stefan Mahl,(0441) 20 94 69 14,info@ecocion.de,http://www.ecocion.de,"Hemmelsbäker Kanalweg 31,  26135 Oldenburg, Niedersachsen",https://www.slowfood.de/unterstuetzer/haendler/ecocion_stefan_mahl_olaf_emke_gbr
Das Kontor - Weine Kochen und mehr,Mathias Fuchs,04931 - 16 87 30,kontakt@das-kontor-norden.de,http://www.das-kontor-norden.de,"Große Neustraße 8 + 9,  26506 Norden, Niedersachsen",https://www.slowfood.de/unterstuetzer/haendler/das_kontor__weine_kochen_und_mehr
Weindiele ®,Herr Lothar Kotzias,04489 / 94 10 90,kotzias@weindiele.de,http://www.weindiele.de,"Lange Wischen 10,  26655 Westerstede-Ihorst, Niedersachsen",https://www.slowfood.de/unterstuetzer/haendler/weindiele_ammerland
Der Lebensmittel Punkt,Herr Heiko Gerken,(0 42 83) 95 53 81,info@der-lebensmittel-punkt.de,https://www.der-lebensmittel-punkt.de,"Am Brink 10,  27412 Hepstedt, Niedersachsen",https://www.slowfood.de/unterstuetzer/haendler/der_lebensmittel_punkt
arteFakt Handelsagentur für Erzeuger Verbraucher Ideen GmbH,Conrad Bölicke,042831-981317,kontakt@artefakten.net,http://www.artefakten.net,"Am Bogen 5,  27412 Wilstedt, Niedersachsen",https://www.slowfood.de/unterstuetzer/haendler/artefakt_handelsagentur_fuer_erzeuger_verbraucher_ideen_gmbh
Fischfachgeschäft  Meeresfrüchte GmbH,Michael Ditzer / Kai Hübner,04721 - 72120,info@meeresfruechte.de,http://www.meeresfruechte.de,"Niedersachsenstraße Halle X Abteilung 91/92,  27472 Cuxhaven, Niedersachsen",https://www.slowfood.de/unterstuetzer/haendler/meeresfruechte_gmbh
Cux Fisch Ditzer GmbH,Michael Ditzer,04721-714471,info@cuxfisch.de,http://www.cuxfisch.de,"Niedersachsenstr. Halle X Abt. 92,  27472 Cuxhaven, Niedersachsen",https://www.slowfood.de/unterstuetzer/haendler/cux_fisch_ditzer_gmbh
VivoLoVin OHG,Herr Kai Schamar,(04 21) 518 02 0,info@vivolovin.de,http://www.vivolovin.de,"Duckwitzstraße 54 - 56,  28199 Bremen, Bremen",https://www.slowfood.de/unterstuetzer/haendler/vivolovin_ohg
The Betty Darling Tea Company LTD,Christoph Michaelsen,0421-525925,betty@betty-darling.de,http://www.betty-darling.de,"Otto Lilienthal Str. 8,  28199 Bremen, Bremen",https://www.slowfood.de/unterstuetzer/haendler/the_betty_darling_tea_company_ltd
Freie Weinhändler Bremen - Kiek Rin Weinhandel GmbH,Herr Kalle Mengel,0421/7 21 16 ,info@kiekrin.eu,http://www.kiekrin-weinhandlung.de,"Vor dem Steintor 158 - 160,  28203 Bremen, Bremen",https://www.slowfood.de/unterstuetzer/haendler/freie_weinhaendler_bremen_kiek_rin_weinhandel_gmbh
Bremer Gewürzhandel GmbH,Herr Daniel König,0421-30 644 69,koenig@bremer-gewuerzhandel.de,http://www.bremer-gewuerzhandel.de,"Leipziger Straße 85,  28215  Bremen (Findorff), Bremen",https://www.slowfood.de/unterstuetzer/haendler/bremer_gewuerzhandel_gmbh
MyCupOfTea GmbH,Herr Timo-Noßel Chitula,(0421) 5 36 67 99,info@mycupoftea-shop.com,http://www.mycupoftea-shop.com,"Lloydstraße 12,  28217 Bremen, Bremen",https://www.slowfood.de/unterstuetzer/haendler/mycupoftea_gmbh
Feinkosthandel Sigrid Zeidler,Sigrid Zeidler,0170 - 48 41 514,"An Rauchs Gut 18A,  28759 Bremen, Bremen",https://www.slowfood.de/unterstuetzer/haendler/feinkostehandel_sigrid_zeidler
PepperPark GmbH,Herr Peer-Oliver Görke,04203 7 85 99 22,info@pepperworldhotshop.de,http://www.pepperworldhotshop.de,"Gutenbergstr. 3 ,  28844 Weyhe-Dreye , Niedersachsen",https://www.slowfood.de/unterstuetzer/haendler/pepperpark_gmbh
Dodenhof GmbH & Co. KG ,Herr Dieter Mohr ,04297 - 34 54 ,info@dodenhof.de,http://dodenhof.de,"Haus 5,  28866 Posthausen/Ottersberg , Niedersachsen",https://www.slowfood.de/unterstuetzer/haendler/dodenhof_gmbh_co_kg
ELEA Handelsagentur OHG,Herr Stefan Koszewski,(0)511 - 53400417,info@elea-hannover.de,http://www.elea-hannover.de,"Geibelstraße 18,  30173  Hannover, Niedersachsen",https://www.slowfood.de/unterstuetzer/haendler/elea_handelsagentur_ohg
Kreuzkamp Genuss GmbH,Frau Helen Kreuzkamp,(0 51 39) 95 97 39,info@kreuzkamp-genuss.de,https://www.kreuzkamp-genuss.de,"Wallstraße 16,  30938 Burgwedel, Niedersachsen",https://www.slowfood.de/unterstuetzer/haendler/kreuzkamp_genuss_gmbh
Wilder Heinrich GmbH,Herr Sebastian Lenger und Falk Trompeter,(05 21) 96 12 12-50,genuss@wilderheinrich.de,https://wilderheinrich.de,"Rohrteichstraße 44,  33602 Bielefeld, Nordrhein-Westfalen",https://www.slowfood.de/unterstuetzer/haendler/wilder_heinrich_gmbh
"Edeka Böers GmbH in Bielefeld, Quelle und Leopoldshöhe",Herr Christian Böers ,0521 - 946 69 07,christian.boeers@boeers-edeka.de,"Carl - Severing - Str. 91,  33649 Bielefeld, Nordrhein-Westfalen",https://www.slowfood.de/unterstuetzer/haendler/edeka_boeers_gmbh_in_bielefeld_quelle_und_leopoldshoehe
Feinkost Nordhessen UG (haftungsbeschränkt),Herr Claus Wiegand,(05 61) 76 69 66 26,lecker@world-of-ahle-wurscht.de,https://world-of-ahle-wurscht.de,"Falderbaumstraße 35,  34123 Kassel, Hessen",https://www.slowfood.de/unterstuetzer/haendler/feinkost_nordhessen_ug
Käsealm Marianne Moosbrugger,Frau Marianne Moosbrugger,06400 - 95 91 55,almgold@t-online.de,http://www.almgold.de,"Ulrichsteiner Str. 7,  35325 Mücke, Hessen",https://www.slowfood.de/unterstuetzer/haendler/kaesealm_marianne_moosbrugger
Klatschmohn Naturkost,Herr Georg Rieck,0641 - 7 87 18,info@klatschmohn-giessen.de,http://www.klatschmohn-giessen.de,"Neustadt 21,  35390 Giessen, Hessen",https://www.slowfood.de/unterstuetzer/haendler/klatschmohn_naturkost
Dinses Culinarium Delikatessenversand,Dinse und Hund GbR,060 85 - 989 66 85,service@dinsesculinarium.de,http://www.dinsesculinarium.de,"Hasselborner Straße 19 - 21,  35647 Waldsolms, Hessen",https://www.slowfood.de/unterstuetzer/haendler/dinses_culinarium_delikatessenversand
Kleine Markthalle Bertriebsgesellschaft mbH,Bernd Weinbrenner,06471 922880,kleinemarkthalle@web.de,http://www.kleinemarkthalle.com/,"Schlossplatz 2,  35781 Weilburg / Lahn, Hessen",https://www.slowfood.de/unterstuetzer/haendler/kleine_markthalle
Alfred Ewert Tee und Gewürze,Jochen Henric-Petri,0551-57020,"Weender Str. 84,  37073 Göttingen, Niedersachsen",https://www.slowfood.de/unterstuetzer/haendler/tee_ewert
Viani Importe GmbH,Remo Viani,0551 - 50 55 10,info@viani.de,http://www.viani.de,"August - Spindler - Straße 12,  37079 Göttingen, Niedersachsen",https://www.slowfood.de/unterstuetzer/haendler/viani_importe_gmbh
Speisekammer GmbH,Ulrich Kessler,0551 – 500 65 77,u.kessler@speisekammer.eu,http://www.speisekammer.eu,"Robert-Bosch-Breite 4,  37079 Göttingen, Niedersachsen",https://www.slowfood.de/unterstuetzer/haendler/speisekammer
Aktion Grüner Bote,Rosi Alexandra Csik,05542-71077,info@gruener-bote.de,http://www.gruener-bote.de,"Hübenthal 11,  37218 Witzenhausen, Hessen",https://www.slowfood.de/unterstuetzer/haendler/gruener_bote
Trilog Thermotechnik GmbH,Heike Fischbach,05562-940210,info@ilve.de,http://www.ilve.de,"Allerbachstr. 29,  37586 Dassel Amelsen, Niedersachsen",https://www.slowfood.de/unterstuetzer/haendler/trilog_thermotechnik_gmbh
La Vigna GmbH & Co.KG,Peter Wichmann,0531 - 1253213,info@la-vigna.de,http://www.la-vigna.de,"Ziegenmarkt 3,  38100 Braunschweig, Niedersachsen",https://www.slowfood.de/unterstuetzer/haendler/la_vigna_gmbh_cokg
HEIMATRAUSCH - Delikatessen & Manufakturprodukte,Frau Brigitte Quast,0531 / 38 999 662 ,info@heimatrausch.biz﻿,http://www.heimatrausch.biz,"Schlosspassage 26,  38100  Braunschweig, Niedersachsen",https://www.slowfood.de/unterstuetzer/haendler/heimatrausch_delikatessen_manufakturprodukte
Harald L. Bremer GmbH - „italienische Spitzenweine und Delikatessen“,Frau Brigitta Jünke,0531-237360,info@bremerwein.de,https://www.bremerwein.de,"Efeuweg 3,  38104  Braunschweig, Niedersachsen",https://www.slowfood.de/unterstuetzer/haendler/harald_l_bremer_gmbh_italienische_spitzenweine_und_delikatessen
Zucker-Vertriebsgesellschaft mbH,Herr Christoph Kind,(05 31) 3 00 01-0,info@zucker-vertrieb.de,http://www.zucker-vertrieb.de,"Waller See 104,  38110 Braunschweig, Niedersachsen",https://www.slowfood.de/unterstuetzer/haendler/zucker_vertriebsgesellschaft_mbh
Artgemäß GmbH & Co. KG,Bastian Erhardt und Martin Schulz,(0 53 71) 89 10,mail@artgemaess.de,https://www.artgemaess.de,"Brenneckenbrück 4,  38518 Gifhorn, Niedersachsen",https://www.slowfood.de/unterstuetzer/haendler/artgemaess_gmbh_co_kg
"Biothek Trinkaus, Schrader und Lehmann GbR","Steffen Schrader, Mirko Lehmann und Steffen Trinkaus",03943 - 55 78 92,bio@biothek-wr.de,http://www.biothek-wr.de,"Marktstraße 13,  38855 Wernigerode, Sachsen-Anhalt",https://www.slowfood.de/unterstuetzer/haendler/biothek_trinkaus_schrader_und_lehmann_gbr
Lettinis,Stefania Lettini,+49 211 58 63 63 8,info@lettinis.de,https://www.lettinis.de,"Jahnstrasse 36,  40215 Düsseldorf, Nordrhein-Westfalen",https://www.slowfood.de/unterstuetzer/haendler/lettinis
Genusshandwerker GmbH & Co. KG ,Herr Hans-Georg Pestka,0211 600 854 78 ,info@genusshandwerker.de,http://www.genusshandwerker.de,"Hoffeldstr. 31 ,  40235  Düsseldorf, Nordrhein-Westfalen",https://www.slowfood.de/unterstuetzer/haendler/genusshandwerker_gmbh_co_kg
Fleischerei Erkes GmbH,Udo und Birgit Erkes,02182 - 4347,info@fleischerei-erkes.de,http://www.fleischerei-erkes.de#,"Hauptstr.68,  41352  Korschenbroich-Glehn, Nordrhein-Westfalen",https://www.slowfood.de/unterstuetzer/haendler/fleischerei_erkes_gmbh
Biodirekt,Wiebke Heyder,+49 (0) 2182 6983400,info@biodirekt.de,www.biodirekt.de,"Hauptstraße 1,  41352 Korschenbroich, Nordrhein-Westfalen",https://www.slowfood.de/unterstuetzer/haendler/biomano
Delikatessen Brüssermann,Matthias Brüssermann,0202-453693,delikatessen@bruessermann.de,http://www.bruessermann.de,"Calvinstr.22,  42103 Wuppertal, Nordrhein-Westfalen",https://www.slowfood.de/unterstuetzer/haendler/delikatessen_bruessermann
Est Est Est Online,Andres Finkentey,0202-6950959,afinkentey@estestest.de,http://www.estestest.de,"Marienstraße 69,  42105 Wuppertal, Nordrhein-Westfalen",https://www.slowfood.de/unterstuetzer/haendler/est_est_est_online
Dein Bioshop,Martin Grützmacher,(08 00) 3 27 24 62 2,m.gruetzmacher@deinbioshop.de,https://www.deinbiokaese.de/,"Windrather Str. 161,  42553 Velbert, Nordrhein-Westfalen",https://www.slowfood.de/unterstuetzer/haendler/dein_bioshop
Jordan Olivenöl GmbH,Bastian Jordan,+49 212 221 660 11,bastian@jordanolivenoel.de,https://www.jordanolivenoel.de/,"Landwehr 25,  42697 Solingen",https://www.slowfood.de/unterstuetzer/haendler/jordan-olivenoel-gmbh
Mallek’s Gourmetträume,Herr Gregor Mallek,02323 - 9606653,info@gourmettraeume.com,http://www.gourmettraeume.com,"Kirchstrasse 95,  44627  Herne, Nordrhein-Westfalen",https://www.slowfood.de/unterstuetzer/haendler/malleks_gourmettraeume
G DATA Software AG,Frank Heisler,0234-9762-0,kai.figge@gdata.de,http://www.gdata.de,"Königsallee 178a,  44799 Bochum, Nordrhein-Westfalen",https://www.slowfood.de/unterstuetzer/haendler/g_data_software_ag
Der Sommelier,Erhard Bewernick,0201-8740931,info@der-sommelier.com,http://www.der-sommelier.com,"Wiesenbergstr.42,  45147 Essen, Nordrhein-Westfalen",https://www.slowfood.de/unterstuetzer/haendler/der_sommelier
Albert Rauch GmbH,Ingmar Fritz Rauch,49(0)2054-921-0,info@rs-europa.com,https://gourmetscouts.de,"Im Teelbruch 87,  45219 Essen, Nordrhein-Westfalen",https://www.slowfood.de/unterstuetzer/haendler/albert-rauch-gmbh
Weinselig GmbH,Herr Christian Nadrowski,02366-93 04 40,cnadrowski@weinselig-herten.de,http://www.weinselig-herten.de,"Hochstraße 9,  45699 Herten, Nordrhein-Westfalen",https://www.slowfood.de/unterstuetzer/haendler/weinselig_gmbh
Mocek Delikatessen,Herr Roland Mocek,02841-8817030,rolandmocek@t-online.de,http://suchdichgruen.de/bio-laeden/moers-kapellen/1890/mocek-delikatessen/,"Schaltbruchweg 54,  47445 Moers, Nordrhein-Westfalen",https://www.slowfood.de/unterstuetzer/haendler/mocek_delikatessen
Olio Mediterraneo,Seyhan Hauenherm ,02151-3259-956 ,info@olio-mediterraneo.com,http://www.olio-mediterraneo.com,"Tiergartenstr. 81 ,  47800  Krefeld, Nordrhein-Westfalen",https://www.slowfood.de/unterstuetzer/haendler/olio_mediterraneo
"Hagen Grote - ""Das Beste fürs Kochen und Genießen""",Frau Gudrun Aydt,02151 - 60 70 90,service@hagengrote.de,http://www.hagengrote.de,"Grüner Dyk 36,  47803 Krefeld, Nordrhein-Westfalen",https://www.slowfood.de/unterstuetzer/haendler/hagen_grote_das_beste_fuers_kochen_und_geniessen
Butterhandlung Holstein,Klaus F. Helmrich,0251-44944,info@butterhandlung-holstein.de,http://www.butterhandlung-holstein.de,"Bogenstr. 9,  48143 Münster, Nordrhein-Westfalen",https://www.slowfood.de/unterstuetzer/haendler/butterhandlung_holstein
Atriplex GmbH,Herrn Franz Joseph Witte,0251-20 07 66 1,info@atriplex.net,http://www.atriplex.net,"Corrensstr. 80,  48149 Münster, Nordrhein-Westfalen",https://www.slowfood.de/unterstuetzer/haendler/atriplex_rohstoffagentur_ltd
Asino Nero  Sardische Spezialitäten ,Herr Giuseppe Manca,(01 57) 53 45 55 52,asino-nero@gmx.de,http://www.asino-nero.com,"Moränenstraße 31,  48165 Münster, Nordrhein-Westfalen",https://www.slowfood.de/unterstuetzer/haendler/asino_nero_sardische_spezialitaeten
Käsespezialitäten und Feinkost,Ralf Kürten,02597-98941,ralfkuerten@t-online.de,"Kanalstr. 63,  48308 Senden, Nordrhein-Westfalen",https://www.slowfood.de/unterstuetzer/haendler/kuerten
Feinkost Kuhl,Vinzenz Kuhl,02533 - 93 41 38,vinzenz.kuhl@gmx.de,"Vinhage 13,  48341 Altenberge, Nordrhein-Westfalen",https://www.slowfood.de/unterstuetzer/haendler/feinkost_kuhl
Klaus Höggemann - Ihr Milchmann vom Wochenmarkt,Herr Klaus Höggemann,02532/5183,klaus.hoeggemann@outlook.de,http://www.klaus-hoeggemann.de,"Beusenstr. 6,  48346 Ostbevern, Nordrhein-Westfalen",https://www.slowfood.de/unterstuetzer/haendler/klaus_hoeggemann_ihr_milchmann_vom_wochenmarkt
FARTHMANN - Das Weinhaus,Herr Karl-Heinz Wahlbrink,05404 - 30 44,info@fartmann.com,http://www.fartmann.com,"Gartenkamp 16,  49492 Westerkappeln, Nordrhein-Westfalen",https://www.slowfood.de/unterstuetzer/haendler/farthmann_das_weinhaus
Feiner Käse Hemmen,Frau Hildegard Hemmen,05932-90 37 37,info@feiner-kaese.de,http://www.feiner-kaese.de,"Daimlerstraße 4,  49733 Haren, Niedersachsen",https://www.slowfood.de/unterstuetzer/haendler/feiner_kaese_hemmen
Willenbrock GmbH & Co. KG,Herr Hendrick Willenbrock,0591-96 33 60,service@willenbrock.com,http://www.willenbrock.com,"Bernd-Rosemeyer-Str. 40,  49808 Lingen, Niedersachsen",https://www.slowfood.de/unterstuetzer/haendler/willenbrock_gmbh_co_kg
REWE • Richrath ,Peter und Lutz Richrath,02271 - 7951 0 ,info@rewe-richrath.de,http://www.rewe-richrath.de,"Im Rauland 132 - 134,  50127  Bergheim, Nordrhein-Westfalen",https://www.slowfood.de/unterstuetzer/haendler/rewe_richrath
Herr Riester - Laden für Genießer,Herr Thomas Riester,02273 / 4311 ,geniesser@herr-riester.de,http://www.herr-riester.de,"Bahnhofstraße 20 ,  50169  Kerpen - Horrem, Nordrhein-Westfalen",https://www.slowfood.de/unterstuetzer/haendler/herr_riester_laden_fuer_geniesser_1
Käsespezialitäten Baumann,Frau Ulrike Baumann,0172 2912052,info@kaese-baumann.de,http://www.kaese-baumann.de,"Embestr. 18,  50189 Elsdorf - Niederembt, Nordrhein-Westfalen",https://www.slowfood.de/unterstuetzer/haendler/kaesespezialitaeten_baumann
ALIMENTARI,Frau Dominique Sexauer,(01 77) 5 01 51 75,info@alimentari-onlineshop.de,http://www.alimentari-onlineshop.de,"Vochemerstraße 16,  50354 Huerth, Nordrhein-Westfalen",https://www.slowfood.de/unterstuetzer/haendler/alimentari
GLISS Caffee GmbH & Co. KG,Frau Claudia Gliss,(02 21)2 50 83 83,info@gliss.de,http://www.gliss.de,"St.-Apern-Str. 14-18,  50667 Köln, Nordrhein-Westfalen",https://www.slowfood.de/unterstuetzer/haendler/gliss_caffee_gmbh_co_kg
Ölmühle Solling - Mühlenladen Köln,Frau Sarah Baensch,(02 21) 29 84 88 78,sarah.baensch@oelmuehle-solling.de,https://www.oelmuehle-solling.de/info/muehlenladen-koeln.html,"Friesenwall 29,  50672  Köln, Nordrhein-Westfalen",https://www.slowfood.de/unterstuetzer/haendler/oelmuehle_solling_muehlenladen_koeln
Hennes' Finest GmbH & Co. KG | Köln,"Brimmers, Gompelmann, Stollwerk",(02 21) 16 99 51 03,contact@hennesfinest.com,http://www.hennesfinest.com,"Moltkestraße 125,  50674 Köln, Nordrhein-Westfalen",https://www.slowfood.de/unterstuetzer/haendler/hennes_finest_gmbh_co_kg_koeln
Käse Glückler,Herr Patrick Glückler,(01 79) 2 19 91 44,info@kaeseglueckler.de,http://kaeseglueckler.de,"Stammstraße 87,  50823 Köln, Nordrhein-Westfalen",https://www.slowfood.de/unterstuetzer/haendler/kaese_glueckler
REWE Maziejewski OHG,Herr Jürgen Maziejewski,(02 21) 53 97 26 56,juergen.maziejewski@rewe-kaufleute.com,https://www.facebook.com/rewe.Maziejewski,"Aachener Str. 382,  50933 Köln - Braunsfeld, Nordrhein-Westfalen",https://www.slowfood.de/unterstuetzer/haendler/rewe_maziejewski_ohg
Weinlädchen,Monika Drews,02203-32585,monika.drews@weinlaedchen-drews.,http://www.weinlaedchen-drews.de,"Frankfurter Str. 629,  51145 Köln, Nordrhein-Westfalen",https://www.slowfood.de/unterstuetzer/haendler/weinlaedchen
REWE Tönnies OHG,Herr Dietmar Tönnies ,0 22 02 - 75 57,service@rewe-odenthal.de,http://www.rewe-odenthal.de,"Altenberger-Dom-Straße 42,  51519  Odenthal, Nordrhein-Westfalen",https://www.slowfood.de/unterstuetzer/haendler/rewe_toennies_ohg
Bio Bursch GmbH,Heinz Bursch,02227 - 91990,info@biohof-bursch.de,http://www.biohof-bursch.de,"Weidenpeschweg 31,  53332 Bornheim-Waldorf , Nordrhein-Westfalen",https://www.slowfood.de/unterstuetzer/haendler/bio_bursch_gmbh
Fair-Handelszentrum Rheinland GmbH,Herr Martin Klupsch und Frau Martina Schauten,(02 28) 28 03 70 92,info@rfz-rheinland.de,http://www.rfz-rheinland.de,"Am Tonschuppen 4 a,  53347 Alfter, Nordrhein-Westfalen",https://www.slowfood.de/unterstuetzer/haendler/fair_handelszentrum_rheinland
deli team Delikatessenvertriebsgesellschaft mbH,Herr Andreas Zimmermann,(0 26 42) 97 02–0,info@deliteam.de,http://www.deliteam.de,"Grüner Weg 35,  53489 Sinzig, Nordrhein-Westfalen",https://www.slowfood.de/unterstuetzer/haendler/deli_team_delikatessenvertriebsgesellschaft_mbh
diegenussdealer,Susanne Wurm,02644-5699589,hallo@diegenussdealer.com,www.diegenussdealer.com,"Sonnenstraße 20,  53579 Erpel, Rheinland-Pfalz",https://www.slowfood.de/unterstuetzer/haendler/diegenussdealer
Josef Lichtenberg Versand,Sigrid Lichtenberg,02244-9048393,info@tolletoepfe.de,http://www.tolletoepfe.de,"Marxstr. 10,  53639 Königswinter, Nordrhein-Westfalen",https://www.slowfood.de/unterstuetzer/haendler/josef_lichtenberg_versand
WürzWerk ,Frau Vera Feist,06592 - 98 46 07 0,info@wuerzwerk.com,http://www.wuerzwerk.com,"Konrad-Zuse-Str. 3,  54552 Nerdlen, Rheinland-Pfalz",https://www.slowfood.de/unterstuetzer/haendler/wuerzwerk
Landschaften schmecken - Onlineshop für europäische Terroirprodukte,Frau Andrea Scheideler,06758-8089770,info@LandschaftenSchmecken.com,http://www.landschaftenschmecken.com,"Lindenstrasse 18,  55596  Oberstreit, Rheinland-Pfalz",https://www.slowfood.de/unterstuetzer/haendler/landschaften_schmecken
Edeka Märkte Decker's Team,Frau Alexandra Decker e.K.,(06782) - 88 789 - 0,Edeka-maerkte@E-Deckers-Team.de,http://www.edeka-deckers-team.de,"Saarstraße 129,  55768 Hoppstädten-Weiersbach, Rheinland-Pfalz",https://www.slowfood.de/unterstuetzer/haendler/edeka_deckers_team
MARKANT MARKT  Albert Siebrichhausen e.K.,Herr Albert Siebrichhausen,(0 29 74) 9 68 95 99,info@siebrichhausen-markant.de,http://www.siebrichhausens-markant.de,"Holthauser Straße 1,  57392 Schmallenberg - Bad Fredeburg, Nordrhein-Westfalen",https://www.slowfood.de/unterstuetzer/haendler/markant_markt_albert_siebrichhausen_ek
Royal Nature GmbH & Co. KG,Herr Olaf Panne,(0 23 53) 66 53 060,info@royal-nature.de,http://www.royal-nature.de,"Langenscheid 2 - 6,  58553 Halver, Nordrhein-Westfalen",https://www.slowfood.de/unterstuetzer/haendler/royal_nature_gmbh_co_kg
Michas Essen und Trinken,Micha Bartels,069-554444,bartels@michas-essen-und-trinken.de,http://www.michas-essen-und-trinken.de,"Sömmeringstr. 1,  60322 Frankfurt, Hessen",https://www.slowfood.de/unterstuetzer/haendler/michas_essen_und_trinken
Petersen Gutes Essen - Feinkost Handel,Herr Hans Petersen,069 / 71 71 35 36,info@petersen-gutes-essen.de,http://petersen-gutes-essen.de,"Eppsteiner Straße 26 (Ecke Unterlindau),  60323  Frankfurt am Main – Westend, Hessen",https://www.slowfood.de/unterstuetzer/haendler/petersen_gutes_essen
"Buchhandlung ""Wendeltreppe""",Hildegard Ganßmüller,069 - 611341,"Brückenstraße 34,  60594 Frankfurt, Hessen",https://www.slowfood.de/unterstuetzer/haendler/buchhandlung_wendeltreppe
Il Gusto,Ylva Casagrande,069-60605810,ilgusto@arcor.de,http://www.ilgusto.de,"Schweizer Straße 81,  60594 Frankfurt, Hessen",https://www.slowfood.de/unterstuetzer/haendler/il_gusto
Käse Schuster,Gunther Schuster,06032-920710,info@kaese-schuster.de,http://www.kaese-schuster.de,"Im Rosental 1,  61231 Bad Nauheim, Hessen",https://www.slowfood.de/unterstuetzer/haendler/kaese_schuster
UENO GOURMET GmbH,Frau Yoshiko Ueno-Müller,06173 940 686,info@japan-gourmet.com,http://www.japan-gourmet.com/,"Bahnhofstr. 7a,  61476 Kronberg, Hessen",https://www.slowfood.de/unterstuetzer/haendler/ueno-gourmet-gmbh
Toscana - Der Weinladen,"Frau Herta Schneider, Herr Sieghard Schneider",06182-20 21 0,vino@toscana-der-weinladen.de,http://www.toscana-der-weinladen.de,"Frankfurter Str. 103,  63500 Seligenstadt / M., Hessen",https://www.slowfood.de/unterstuetzer/haendler/toscana_der_weinladen
die kleine Metzgerei,Eva Wolf,06022-31508,peter.wolf@mail.de,"Raiffeisenstr. 3,  63785 Obernburg, Bayern",https://www.slowfood.de/unterstuetzer/haendler/die-kleine-metzgerei
vinocentral GmbH,Alexander Marschall und Michael Bode-Böckenhauer,06151-809430,info@vinocentral.de,https://www.vinocentral.de,"Platz der Deutschen Einheit 21,  64293 Darmstadt, Hessen",https://www.slowfood.de/unterstuetzer/haendler/vinocentral_gmbh
Casa Molina,Herr Marcos Molina,06151 - 95805,info@casamolina.de,http://www.casamolina.de,"Goebelstr. 21,  64293 Darmstadt, Hessen",https://www.slowfood.de/unterstuetzer/haendler/molina_gmbh
Fripa,Wolfgang Hahl,06251-84740,wolfgang.hahl@frischepartner.de,http://www.frischepartner.de,"Neuwiesenfeld 10,  64625 Bensheim, Hessen",https://www.slowfood.de/unterstuetzer/haendler/fripa
Divino Mull & Salg GbR,Thomas Mull  & Anja Salg,0 62 51 / 13 89 21,divino-weine@arcor.de,http://www.divino-weine.de,"Am Bürgerhaus 6,  64625  Bensheim, Hessen",https://www.slowfood.de/unterstuetzer/haendler/divino_mull_salg_gbr
raumconcept 3,Kai Alexander Hettwer ,(+49)6152-950778,info@raumconcept3.de,http://raumconcept3.de,"Kaltererstr. 4b,  64646 Heppenheim/Bergstraße, Hessen",https://www.slowfood.de/unterstuetzer/haendler/raumconcept_3
"""Die Pfanne von Anne"" Ferrodur",Frau Annegret Gaydoul,09848 - 969191,info@pfanne-von-anne.de,http://www.pfanne-von-anne.de,"Weyprechtstrasse 57,  64732 Bad König, Hessen",https://www.slowfood.de/unterstuetzer/haendler/die_pfanne_von_anne_ferrodur
Privat-Brauerei Schmucker GmbH,Herr Willy Schmidt,(06061) 702-0,info@schmucker-bier.de,https://www.schmucker-bier.de,"Hauptstr. 89,  64756 Mossautal, Hessen",https://www.slowfood.de/unterstuetzer/haendler/privat_brauerei_schmucker
Vinum autmundis,06078 - 2349,"
              ",info@vinum-autmundis.de,http://www.vinum-autmundis.de,"Riegelgartenweg 1,  64823  Groß-Umstadt , Hessen",https://www.slowfood.de/unterstuetzer/haendler/vinum_autmundis
Wild und Geflügel,Klaus Mann,06071-41473,"Brunnerstr. 18,  64846 Groß-Zimmern, Hessen",https://www.slowfood.de/unterstuetzer/haendler/bauer_mann
EASY GOURMET GmbH,Herr Wolfgang E. Herold,0611 - 89022-11,info@easy-gourmet.com,http://www.easy-gourmet.com,"Bahnstraße 6,  65205  Wiesbaden, Hessen",https://www.slowfood.de/unterstuetzer/haendler/easy_gourmet_gmbh
Heinz Buch GmbH,Christian Buch,06192-963-0,info@Buch-der-Markt.de,"Hauptstr.73,  65719 Hofheim / Taunus, Hessen",https://www.slowfood.de/unterstuetzer/haendler/heinz_buch_gmbh
chocolats-de-luxe.de GmbH,Frau Michaela Schupp,06195 - 72 42 88,inof@chocolats-de-luxe.de,http://www.chocolats-de-luxe.de,"Bahnstraße 8,  65779 Kelkheim, Hessen",https://www.slowfood.de/unterstuetzer/haendler/chocolats_de_luxede_gmbh
Dalay Zigarren,Salin Dalay,0681 - 5898509,info@dalay.de,http://www.dalay.de,"Fürstenstraße 15b,  66111 Saarbrücken, Saarland",https://www.slowfood.de/unterstuetzer/haendler/dalay_zigarren
Saar-Lor-deLuxe – 100% regionale Produkte,Herr Kilian Heinz,(0681) 401 403 12,info@saar-lor-deluxe.com,http://www.saar-lor-deluxe.com,"Nauwieser Straße 30,  66111 Saarbrücken, Saarland",https://www.slowfood.de/unterstuetzer/haendler/saar_lor_deluxe_100_regionale_produkte
Apero Feinkost,Katja Sellnau,0681-4163480,katja.sellnau@web.de,"Saargemünderstr. 63,  66119 Saarbrücken, Saarland",https://www.slowfood.de/unterstuetzer/haendler/apero
Mali's Leckereien,Christine Breyer & Gabriele Leese,06805-7436,info@malis-leckereien.de,http://www.malis-leckereien.de,"Fechinger Str. 42-44,  66271 Kleinblittersdorf-Bliesransbach, Saarland",https://www.slowfood.de/unterstuetzer/haendler/malis_leckereien
Bliesgauer Ölmühle ,Patric Bies und Jörg Hector,06805 - 9298085,bliesgauoele@web.de,http://www.bliesgauoele.de,"Hartungshof,  66271 Bliesransbach, Saarland",https://www.slowfood.de/unterstuetzer/haendler/bliesgauer_oelmuehle
Jung Feinkost GmbH,Herr Rainer Jung,06841 / 645 94,info@jungsbio.de,http://www.jungsbio.de,"Saarbrücker Str. 5,  66424 Homburg, Saarland",https://www.slowfood.de/unterstuetzer/haendler/jung_feinkost_gmbh
ISSIMOTECA,Vincenzo Vitolo,0 68 41 - 1 22 22,issimo@issimo-feinkost.de,https://issimoteca.de/,"Uhlandstrasse 7,  66424 Homburg, Saarland",https://www.slowfood.de/unterstuetzer/haendler/issimo_feinkost
Jacopini Import GmbH,Herr Enrico Jacopini,06821 - 931530,shop@jacopini-weinhandel.de,http://www.jacopini-weinhandel.de,"Am Gneisenauflöz 1,  66538 Neunkirchen, Saarland",https://www.slowfood.de/unterstuetzer/haendler/jacopini_import_gmbh
OLIVARIO & OLIVINUS by Segura,Herrn Eric Segura,(0 68 31) 94 97 90,info@olivario.de,http://www.olivinus.de,"Wallerfangerstraße 83,  66740 Saarlouis, Saarland",https://www.slowfood.de/unterstuetzer/haendler/olivario_olivinus_by_segura
Der Kaufmannsladen,Herr Raoul Mailänder, 0 68 31 - 50 13 660,info@der-kaufmannsladen.de,http://www.der-kaufmannsladen.de,"Herrenstraße 20,  66763 Dillingen, Saarland",https://www.slowfood.de/unterstuetzer/haendler/der_kaufmannsladen
Kooperativen ohne Grenzen eG,Olaf Paulsen,06384 - 92 53 72,csf-d@cooperativasinfronteras.net,http://www.kooperativenohnegrenzen.net,"Bahnhofstr. 8,  66871 Pfeffelbach, Rheinland-Pfalz",https://www.slowfood.de/unterstuetzer/haendler/kooperativen_ohne_grenzen_eg
Annas Kaffeerösterei,Anna Alikhanyan,06322 7907247,info@annaskaffeeroesterei.de,https://annaskaffeeroesterei.de,"Leiningerstraße 15,  67098 Bad Dürkheim, Rheinland-Pfalz",https://www.slowfood.de/unterstuetzer/haendler/annas-kaffeeroesterei
Villa Im Paradies,Regina Menger-Krug,06326-7733,menger-krug@t-online.de,"Weinstr. 82,  67146 Deidesheim, Rheinland-Pfalz",https://www.slowfood.de/unterstuetzer/haendler/villa_im_paradies
Zait Olivenöl & mehr,Tina Ottmann,06359 - 92 46 70,kontakt@zait.de,http://www.zait.de,"Postfach 370,  67265 Grünstadt, Rheinland-Pfalz",https://www.slowfood.de/unterstuetzer/haendler/zait_olivenoel__mehr
Ursula Utting-Metzger GmbH,Thomas Metzger,06321-7220,utting-metzger@t-online.de,"Weinstr. 157,  67434 Neustadt, Rheinland-Pfalz",https://www.slowfood.de/unterstuetzer/haendler/ursula_utting_metzger
Wein - Hauck,Erika Hauck,0631 - 360 58 23,Ralf@wein-hauck.de,http://www.wein-hauck.de/,"Bismarckstr. 18 a,  67655 Kaiserslautern, Rheinland-Pfalz",https://www.slowfood.de/unterstuetzer/haendler/wein_hauck
Genuss x Zeit - Die österreichische Botschaft,Frau Jasmine Letschnig,(01 75)  2 64 80 05,jletschnig@genussxzeit.de,https://www.facebook.com/genussxzeit,"Frau Jasmine Letschnig,  68723 Schwetzingen, Baden-Württemberg",https://www.slowfood.de/unterstuetzer/haendler/genuss_x_zeit_die_oesterreichische_botschaft
Tischmacher Weine GbR,Ole Tischmacher / Hans-Jürgen Lakomy,06202 5768 91,info@tischmacher-weine.de,http://www.tischmacher-weine.de,"Odenwaldring 8,  68723 Schwetzingen, Baden-Württemberg",https://www.slowfood.de/unterstuetzer/haendler/tischmacher_weine
brandgeister.de,Herr Jörg Führer,06223 7299 564,info@brandgeister.de,https://brandgeister.de,"Adalbert-Seifriz-Str. 32,  69151 Neckargmünd, Baden-Württemberg",https://www.slowfood.de/unterstuetzer/haendler/brandgeisterde
Hungerbichler - Knecht,Frau Christine Knecht,(07 11) 67 27 16 16,info-hungerbichler@online.de,http://www.hungerbichler.de,"Senefelderstrasse 99,  70176 Stuttgart, Baden-Württemberg",https://www.slowfood.de/unterstuetzer/haendler/hungerbichler_knecht
Feinkost- und Weinhandelsgesellschaft mbH,Maiti Leinss,0711-168530,info@digennaro.de,http://www.digennaro.de,"Von Pistorius Str. 1,  70188 Stuttgart, Baden-Württemberg",https://www.slowfood.de/unterstuetzer/haendler/di_gennaro_feinkost_und_weinhandelsgesellschaft_mbh
Ecofit Biofruchtimport GmbH,Herr Hansjörg Schrade,0711 52 08 79 0,l.handel@ecofit.bio,http://www.ecofit.de,"Ulmer Straße 157,  70188 Stuttgart, Baden-Württemberg",https://www.slowfood.de/unterstuetzer/haendler/ecofit_biofruchtimport_gmbh
Fischer + Trezza Import GmbH,0711-4606700,"
              ",info@fischer-trezza.de,http://www.fischer-trezza.de,"Ulmer Str. 150,  70188 Stuttgart, Baden-Württemberg",https://www.slowfood.de/unterstuetzer/haendler/fischer__trezza_import_gmbh
 Schüttgut® - nachhaltige & unverpackte Lebensmittel,Herr Jens-Peter Wedlich,(07 11) 23 09 68 75,willkommen@schuettgut-stuttgart.de,https://www.schuettgut-stuttgart.de,"Vogelsangstraße 51,  70197 Stuttgart, Baden-Württemberg",https://www.slowfood.de/unterstuetzer/haendler/schuettgut
Fromagerie Holzapfel,Frau Birgit Böhme,07032/930950,info@fromagerie-holzapfel.de,http://www.fromagerie-holzapfel.de,"Römerweg 31,  71083 Herrenberg- Kuppingen, Baden-Württemberg",https://www.slowfood.de/unterstuetzer/haendler/fromagerie_holzapfel
POIS - Natürlich Portugal. ,Herr Matthias Kästner,(01 63) 1 61 19 18,kontakt@pois-portugal.de,https://pois-portugal.de,"Karl-Krämer-Str. 23,  71364  Winnenden, Baden-Württemberg",https://www.slowfood.de/unterstuetzer/haendler/pois_natuerlich_portugal
Aromakost,Birgitt Mockler,07141 - 2391371,info@aromakost.de,"Eberhardstr. 10,  71634 Ludwigsburg, Baden-Württemberg",https://www.slowfood.de/unterstuetzer/haendler/aromakost
BioGourmet GmbH,Frau Corinna Steger,071 44 / 33 423-81,info@bio-gourmet.com,http://www.bio-gourmet.com,"Ochsenweg 1,  71729 Erdmannhausen, Baden-Württemberg",https://www.slowfood.de/unterstuetzer/haendler/biogourmet_gmbh
Silberburg am Markt,Hans Peter Schwarz,07071-551844,hans-peter.schwarz@silberburg-am,http://www.silberburg-am-markt.de,"Wienergässle 1,  72070 Tübingen, Baden-Württemberg",https://www.slowfood.de/unterstuetzer/haendler/silberburg_am_markt
Wein - Bauer GmbH  ,"Bernd Gold, Mathias Kurzenberger",07171 - 33089,info@wein-bauer.de,http://www.wein-bauer.de,"Schaffhausen Str. 109,  72072 Tübingen, Baden-Württemberg",https://www.slowfood.de/unterstuetzer/haendler/wein_bauer_gmbh
Spezialitäten-Compagnie,Hans Nill,07473 94 11 0,info@spezcom..de,http://www.spezcom.de,"Stegstraße 8,  72116 Mössingen, Baden-Württemberg",https://www.slowfood.de/unterstuetzer/haendler/spezcom_1
Hofladen Alte Zimmerei,Herr Johannes Kolb,07073 - 917 412,j.kolb@altezimmerei.de,http://www.altezimmerei.de,"Tübinerstraße 22,  72119 Ammerbuch, Baden-Württemberg",https://www.slowfood.de/unterstuetzer/haendler/hofladen_alte_zimmerei
BioVa GmbH,Herr Raphael Deckert,(0 70 54) 9 31 23-10,info@biova.de,http://www.biova.de,"Waldstraße 2,  72218 Wildberg, Baden-Württemberg",https://www.slowfood.de/unterstuetzer/haendler/biova_gmbh
Schalkenbosch - Weinvertriebs GmbH & Co.KG,Herr Martin und Frau Anette Benz,07121 / 9393-589,info@schalkenbosch-weine.de,http://www.schalkenbosch-weine.de,"Charlottenstraße 81,  72764  Reutlingen, Baden-Württemberg",https://www.slowfood.de/unterstuetzer/haendler/schalkenbosch_weinvertriebs_gmbh_cokg
Reformhaus Maier OHG - das etwas andere Reformhaus,Frau Nicola Maier & Thorsten Träger,(0 71 31) 8 15 57  ,info@reformhaus-heilbronn.de,http://www.reformhaus-heilbronn.de,"Allee 9,  74072 Heilbronn, Baden-Württemberg",https://www.slowfood.de/unterstuetzer/haendler/reformhaus_maier_ohg_das_etwas_andere_reformhaus
Neuschwander GmbH,Herr Jürgen Neuschwander,07135 - 96 10 90,info@neuschwander.de,http://www.neuschwander.de,"Neipperger Str. 41,  74336 Brackenheim, Baden-Württemberg",https://www.slowfood.de/unterstuetzer/haendler/neuschwander_gmbh
Weinladen am Gutenbergplatz,Guntram Fahmer,0721-8307770,info@weinlade.de,http://www.weinlade.de,"Nelkenstr. 33,  76135 Karlsruhe, Baden-Württemberg",https://www.slowfood.de/unterstuetzer/haendler/weinladen_am_gutenbergplatz
Maitre Flambee,Ralph Schlawatzki,0721 - 18313980,info@flammkuchen-konzept.de,http://www.flammkuchen-konzept.de,"Sinnestr. 1,  76185 Karlsruhe, Baden-Württemberg",https://www.slowfood.de/unterstuetzer/haendler/maitre_flambee
Trova il Tempo,Heike und Aristotelis Tolikas,0721 - 2042676,info@trova-il-tempo.de,http://www.trova-il-tempo.de,"Zunftstr.3,  76227 Karlsruhe, Baden-Württemberg",https://www.slowfood.de/unterstuetzer/haendler/trova_il_tempo_kaffee_genuss
3er Weine & Tapas,Herr Christoph Dreyer,07222 - 93 57 05 ,cgc-christoph-dreyer@web.de,http://www.dreyer-weine.de,"Im Steingerüst 6/2,  76437 Rastatt, Baden-Württemberg",https://www.slowfood.de/unterstuetzer/haendler/3er_weine_tapas
City and more - Individuelle Lebensart,Martina & Joachim Buchholz,072 21 / 99 28 99,info@cityandmore.de,http://www.cityandmore.de,"Am Markbach 13,  76547  Sinzheim, Baden-Württemberg",https://www.slowfood.de/unterstuetzer/haendler/city_and_more_individuelle_lebensart
La Perla del Gusto,Herr Thomas Göb,07255 - 90 00 861,info@laperladelgusto.de,http://www.laperladelgusto.de,"Gartenstraße 3,  76676 Graben-Neudorf, Baden-Württemberg",https://www.slowfood.de/unterstuetzer/haendler/la_perla_del_gusto
Fromi GmbH,Guillaume Dehaye,07851 - 9 37 80,info@fromi.com,http://www.fromi.com,"Otto-Hahn-Str. 5,  77694 Kehl, Baden-Württemberg",https://www.slowfood.de/unterstuetzer/haendler/fromi_gmbh
Bessey & Flammer GmbH,Christoph Engelhardt,07223-94680,info@bessey–flammer.de,https://www.bessey-flammer.de,"Schwanenstr. 8,  77815 Bühl, Baden-Württemberg",https://www.slowfood.de/unterstuetzer/haendler/bessey__flammer_gmbh
1A Balsamico e.K.,Volker Pampus,07720 705037,v.pampus@1abalsamico.de,http://www.1abalsamico.de,"Oberdorfstraße 6,  78054 Schwenningen, Baden-Württemberg",https://www.slowfood.de/unterstuetzer/haendler/1abalsamico
Gewürz - Aschenbrenner,Familie Aschenbrenner,07732-821801,info@gewuerz-aschenbrenner.de,http://www.gewuerz-aschenbrenner.de,"Kabisländer 17,  78315 Radolfzell - Böhringen, Baden-Württemberg",https://www.slowfood.de/unterstuetzer/haendler/gewuerz_aschenbrenner
Babarolo - Piemont Weine,Herr Michael Baur,(01 76) 81 48 25 58,hmbaur@msn.com,https://babarolo.com,"Täbinger Str. 6,  78661 Dietingen, Baden-Württemberg",https://www.slowfood.de/unterstuetzer/haendler/babarolo_piemont_weine
Culinara Zoller Genusskultur,Herr Günter und Frau Adelheid Zoller,0761 - 37536,info@culinara-freiburg.de,http://www.culinara-freiburg.de,"Konviktstr. 21-23,  79098 Freiburg, Baden-Württemberg",https://www.slowfood.de/unterstuetzer/haendler/culinara
Schafferer & Co. KG,Frau Franziska Ziebold,(07 61) 5 15 83 90,mail@schafferer.de,https://www.schafferer.de/eh/,"Kaiser - Josef - Straße 236,  79098 Freiburg im Breisgau, Baden-Württemberg",https://www.slowfood.de/unterstuetzer/haendler/schafferer_co_kg
schön & gut,Frau Katharina Schenke,0761-48 80 17 6,kontakt@schoen-und-gut.eu,http://www.schoen-und-gut.eu,"Lorettostraße 30,  79100 Freiburg, Baden-Württemberg",https://www.slowfood.de/unterstuetzer/haendler/schoen_gut
Elephant Beans,Herr Jörg Volkmann,(07 61) 42 96 01 90,info@elephantbeans.de,http://www.elephantbeans.de,"Basler Str. 12a,  79100  Freiburg, Baden-Württemberg",https://www.slowfood.de/unterstuetzer/haendler/elephant_beans
Genüsse in Gläsern Ireneus Frost,Herrn Ireneus Frost,0761-21 47 42 1,info@ireneus-Frost.de,http://www.ireneus-frost.de,"Lassbergstraße 19,  79117 Freiburg, Baden-Württemberg",https://www.slowfood.de/unterstuetzer/haendler/ireneus_frost_genuesse_in_glaesern
Viktualien.shop,Herr Christian Busse,(07681) 209 2656,post@asthelia.de,https://www.viktualien.shop,"Schusterstraße 1,  79183  Waldkirch, Baden-Württemberg",https://www.slowfood.de/unterstuetzer/haendler/asthelia_viktualienshop
Rinklin Naturkost GmbH,Hr. Wilhelm Rinklin,07631 - 23 25,info@rinklin-naturkost.de,http://www.rinklin-naturkost.de,"Bruckmattenstraße 18,  79356 Eichstetten, Baden-Württemberg",https://www.slowfood.de/unterstuetzer/haendler/rinklin_naturkost
Biomarkt Löwenzahn GmbH,Ulrich Zimmermann,07631-13770,info@loewenzahn-muellheim.de,http://www.loewenzahn-muellheim.de,"Bundesstr. 1,  79379 Müllheim, Baden-Württemberg",https://www.slowfood.de/unterstuetzer/haendler/loewenzahn_naturwaren_gmbh
Sapori del Sud,Rocco Marcantonio,07632-6350,rocco.marcantonio@t-online.de,"Wilhelmstr. 26,  79410 Badenweiler, Baden-Württemberg",https://www.slowfood.de/unterstuetzer/haendler/sapori_del_sud
priotec GmbH Abt. VINCENT BECKER®,Herr Andreas Sabisch,(0 76 34) 6 99 69 98,info@vincent-becker.de,http://www.vincent-becker.de,"Münstertäler Str. 14,  79427 Eschbach, Baden-Württemberg",https://www.slowfood.de/unterstuetzer/haendler/priotec_gmbh_abt_vincent_becker
Feinkost Kopf ,Herr Ulrich Kopf,07634 - 55 36 196,info@feinkost-kopf.de,http://www.feinkost-kopf.de,"Max-Immelmann-Allee 9,  79427  Eschbach, Baden-Württemberg",https://www.slowfood.de/unterstuetzer/haendler/feinkost_kopf
VollCorner Biomarkt GmbH,Frau Birgit Neumann,089 200 62 37 00,info@vollcorner.de,http://www.vollcorner.de,"Schwanthalerstraße 111,  80339 München, Bayern",https://www.slowfood.de/unterstuetzer/haendler/vollcorner_biomarkt_gmbh
FINEST SPIRITS,Herr Frank Michael Böer,089 / 21 03 14 72,info@finest-spirits.com,"Aventinstr. 2,  80469 München, Bayern",https://www.slowfood.de/unterstuetzer/haendler/finest_spirits
GARIBALDI GmbH  -  Italienische Weine & Spezialitäten,Herr Eberhard Spangenberg,089 - 3 59 02 22,info@garibaldi.de,http://www.garibaldi.de,"Frohschammerstr. 14,  80807 München, Bayern",https://www.slowfood.de/unterstuetzer/haendler/garibaldi_gmbh
Gourmondo Food GmbH,Herr Pascal Zier,01805-46 87 66,info@gourmondo.de,http://www.gourmondo.de,"Marcel-Breuer-Str. 15,  80807 München, Bayern",https://www.slowfood.de/unterstuetzer/haendler/gourmondo_food_gmbh
einfach geniessen GmbH,Herr Bernhard Meßmer,089 - 89043860,info@einfachgeniessen.de,http://www.einfachgeniessen.de,"Herrschinger Straße 1,  81377  München, Bayern",https://www.slowfood.de/unterstuetzer/haendler/einfach_geniessen_gmbh
"Vinum Merum, Klaus Elbert",Klaus Elbert,089-67904850,info@vinummerum.de,http://www.vinummerum.de,"Fraunbergplatz 6,  81379 München, Bayern",https://www.slowfood.de/unterstuetzer/haendler/vinum_merum_klaus_elbert
Bio Futura B.V. - Bio Einweg Geschirr für Imbiss & Catering,Frau Thuy Duong Pham,(0 89) 64 96 66 95,kundenservice@biofutura.com,https://www.biofutura.com/de,"Lindenstrasse 12 a,  81545 München, Bayern",https://www.slowfood.de/unterstuetzer/haendler/bio_futura_bv_bio_einweg_geschirr_fuer_imbiss_catering
Weinfurore e.K.,Herr Gerhard Biber,089 - 435699-20,info@weinfurore.de,http://www.weinfurore.de,"Neumarkter Str. 55,  81673 München, Bayern",https://www.slowfood.de/unterstuetzer/haendler/weinfurore_ek
La Cantinetta,Sergio Bolzan,089-6882536,info@lacantinetta-weine.de,http://www.bolzan.de,"Neumarkter Str. 77,  81673 München, Bayern",https://www.slowfood.de/unterstuetzer/haendler/la_cantinetta
Gaggenau Hausgeräte GmbH,Herr Jörg Schudrowitz,089 - 4590 4565,joerg.schudrowitz@bshg.com,http://www.bsh-group.de,"Carl-Wery-Str. 34,  81739 München, Bayern",https://www.slowfood.de/unterstuetzer/haendler/gaggenau_hausgeraete_gmbh
Feines De Rosa,Herr Claudio De Rosa,0163 - 79 133 67,kontakt@feines-derosa.de,www.feines-derosa.de,"Ottobrunner Str. 35,  82008 Unterhaching, Bayern",https://www.slowfood.de/unterstuetzer/haendler/feines-de-rosa
Heiderbeck GmbH,Herr Peter Steding,08142 | 44567 - 0,info@heiderbeck.com,http://www.heiderbeck.com,"Gewerbering 4,  82140 Olching, Bayern",https://www.slowfood.de/unterstuetzer/haendler/heiderbeck_gmbh
La Selva Toskana Feinkost-Vertriebs-GmbH,Herr Peter Hueller,089 89 55 80 68-64,petra.schmidhuber@laselva-bio.eu,http://www.laselva-bio.eu/bio-online-shop-und-feinkost-versand,"Pasinger Straße 94,  82166 Graefeling, Bayern",https://www.slowfood.de/unterstuetzer/haendler/la_selva_toskana_feinkost
Ökoring Handels GmbH,Herr Thomas Börkey-Biermann,08145-9308-93,t.biermann@oekoring.com,http://www.oekoring.com,"Dieselstr. 7 - 9,  82291 Mammendorf, Bayern",https://www.slowfood.de/unterstuetzer/haendler/oekoring_handels_gmbh
Männerkontor - Ehrlich gute Dinge,Maximilian Mayr,(01 71) 1 78 02 35,maximilian.mayr@ehrlich-gute-dinge.de,https://www.maennerkontor.shop/,"Münchener Str. 6 A,  82291 Mammendorf, Bayern",https://www.slowfood.de/unterstuetzer/haendler/maennerkontor_ehrlich_gute_dinge
Dorfladen Farchant UG,Herr Peter Böhmer,08821 - 7321990,info@dorfladen-farchant.de,http://dorfladen-netzwerk.de/2014/06/die-gallier-aus-farchant/,"Bahnhofstraße 5,  82490 Farchant, Bayern",https://www.slowfood.de/unterstuetzer/haendler/dorfladen_farchant_ug
LUKULLIUM - kulinarische Entdeckungen,Herr Andreas von Harsdorf,(0 80 31) 7 97 83 60,info@lukullium.de,http://www.lukullium.de,"Jägerkampstrasse 13,  83059 Kolbermoor, Bayern",https://www.slowfood.de/unterstuetzer/haendler/lukullium_kulinarische_entdeckungen
Weltklasseweine - Michael Pfennigwerth,Herr Michael Pfennigwerth,(0 80 52) 9 56 58 82,info@weltklasseweine.de,http://www.weltklasseweine.de,"Aufhamerstraße 41b,  83229 Aschau, Bayern",https://www.slowfood.de/unterstuetzer/haendler/weltklasseweine_michael_pfennigwerth
Popstahl GbR - Weißheimer u. Weißheimer,Herr Ralf Weißheimer,(0 86 52) 6 55 46 16,info@popstahl.de,http://www.popstahl.de,"Nonntal 8,  83471 Berchtesgaden, Bayern",https://www.slowfood.de/unterstuetzer/haendler/popstahl_gbr_weissheimer_u_weissheimer
machtSINN Wolf & Brenner GbR,Herr Bernhard Wolf und Frau Andrea Brenner,(0172) 8 20 92 62,servus@machtsinn.bayern,http://www.machtSINN.bayern,"Tegernseer Straße 10,  83703 Gmund am Tegernsee, Bayern",https://www.slowfood.de/unterstuetzer/haendler/machtsinn_wolf_brenner_gbr
Ars Vivendi,Frau Marianne Ahnfeldt,0841 - 910963,info@arsvivendi-in.de,http://www.arsvivendi-in.de,"Taschenturmstraße 10,  85049 Ingolstadt, Bayern",https://www.slowfood.de/unterstuetzer/haendler/ars_vivendi
Obstkistl GmbH & CO. KG,Wolfgang Demel,08456 - 97444-21,info@das-obstkistl.de,www.das-obstkistl.de,"Industriestr. 3,  85101 Lenting, Bayern",https://www.slowfood.de/unterstuetzer/haendler/das_obstkistl
Hinterland,Reinhard Fiedler,"
              ",info@aus-dem-hinterland.de,www.aus-dem-hinterland.de,"Untere Hauptstraße 42,  85354 Freising, Bayern",https://www.slowfood.de/unterstuetzer/haendler/hinterland
difiore Buon gusto,Herr Daniel Di Fiore,08091 56 20 950,info@di-fiore.de,http://www.di-fiore.de,"Hauptstr. 45 - 47,  85614  Kirchseeon, Bayern",https://www.slowfood.de/unterstuetzer/haendler/difiore_buon_gusto
TARPA Bioprodukte,Herr Nicolas Korenika,089 - 18 93 48 34,info@tarpa.de,http://www.tarpa.de,"Keferloher-Markt-Straße 19,  85640 Putzbrunn/München, Bayern",https://www.slowfood.de/unterstuetzer/haendler/tarpa_naturprodukte_aus_ungarn
Dragasias Foods,Antonios Dragasias,081028729741,contact@dragasias-foods.com,www.dragasias-foods.com,"Ernst-Heinkel Ring 5-7,  85662 Hohenbrunn, Bayern",https://www.slowfood.de/unterstuetzer/haendler/dragasias-foods
allesOlive Feinkosthandel e.K.,Herr Sebastian Rott,(0 81 31) 3 56 90 98,info@allesOlive.de,https://www.allesolive.de,"Gartenstraße 11,  85757 Karlsfeld, Bayern",https://www.slowfood.de/unterstuetzer/haendler/allesolive_feinkosthandel_ek
Griechenland Spezialitäten VL,0821 - 2620334,"
              ",info@thassos-olivenoel.de,http://www.griechenland-spezialitaeten.de,"Hans-Rollwagen-Straße 11a,  86157 Augsburg, Bayern",https://www.slowfood.de/unterstuetzer/haendler/griechenland_spezialitaeten_vl
VIA DEL GUSTO GmbH & Co. KG,Markus Bongartz & Joachim Schoser,(0) 906-7092399,info@viadelgusto.de,http://www.viadelgusto.de,"Dr. Friedrich Drechsler Str. 11,  86609  Donauwörth, Bayern",https://www.slowfood.de/unterstuetzer/haendler/via_del_gusto_gmbh_co_kg
Tartuffli Naturwaren e.K,Peter Glandien,08191 9854226,info@erlesene-kartoffeln.de,http://www.erlesene-kartoffeln.de,"Ammerseestrasse 1a,  86940 Schwifting, Bayern",https://www.slowfood.de/unterstuetzer/haendler/tartuffli
Oliven + Öl Compagnie GmbH,Jötn Niederberger und Martin Mang,08331 - 925320,info@olivencompagnie.de,http://www.olivencompagnie.de,"Auf der Weide 2,  87734 Benningen , Bayern",https://www.slowfood.de/unterstuetzer/haendler/oliven_oel_compagie_gmbh
Das Weinhaus,Markus Angerer,07524-915459,Das_Weinhaus@t-online.de,http://www.weinhaus-waldsee.de,"Ravensburger Str. 10,  88339 Bad Waldsee, Baden-Württemberg",https://www.slowfood.de/unterstuetzer/haendler/das_weinhaus
De Sanctis GbR - Feines aus Italien,"Herr Roberto De Sanctis, Herr Franco De Sanctis",07551 - 43 04,franco@de-sanctis.de,http://www.de-sanctis.de,"Rengoldshauser Str. 7,  88662 Überlingen, Baden-Württemberg",https://www.slowfood.de/unterstuetzer/haendler/de_sanctis_gbr
Konditorei Confiserie Popp,Andreas Popp,07551-4532,mail@konditorei-popp.de,http://www.konditorei-popp.de,"Hizlerstr.3,  88662 Überlingen/ Bodensee, Baden-Württemberg",https://www.slowfood.de/unterstuetzer/haendler/konditorei_confiserie_popp
Kornmühle e.K:,Julia Unseld,07348 - 6001 (Büro),info@kornmuehle-ulm.de,http://www.kornmuehle-ulm.de,"Herrenkellergasse 8,  89073 Ulm / Donau, Baden-Württemberg",https://www.slowfood.de/unterstuetzer/haendler/kornmuehle_ek
Gutes von hier,Herr Fritz Feger,0731-2696564,info@gutesvonhier.de,https://www.gutesvonhier.de,"Herrenkellergasse 9,  89073 Ulm, Baden-Württemberg",https://www.slowfood.de/unterstuetzer/haendler/regio_ug_gutes_von_hier
Confis Express GmbH,Alfred Pfersich,0731 - 7 07 91 51,info@pfersich.de,http://www.pfersich.de,"Messerschmittstr. 23,  89231 Neu Ulm, Bayern",https://www.slowfood.de/unterstuetzer/haendler/confis_express_gmbh
Heinz Grimmer Wurstwarenvertriebs GmbH,Geschäftsführerin: Frau Katja Stetter,08224/80453-0,heinz.grimmer@grimmer-wurstwaren-vertrieb.de,http://www.heinzgrimmer.de,"Schnuttenbacher Str. 31,  89362 Offingen, Bayern",https://www.slowfood.de/unterstuetzer/haendler/heinz_grimmer_wurstwarenvertriebs_gmbh
delikatEssen,Frau Romana Schemm,0911 - 2 02 91 32,info@delikatessen-nuernberg.de,http://www.delikatessen-nuernberg.de,"Weinmarkt 14,  90403 Nürnberg, Bayern",https://www.slowfood.de/unterstuetzer/haendler/delikatessen
LA VINERIA,Jürgen Vogt,0911-2878286,"Auststr. 102,  90429 Nürnberg, Bayern",https://www.slowfood.de/unterstuetzer/haendler/la_vineria
Il Nuraghe GmbH - Feinkost & Naturkost,0911 - 21 70 60,"
              ",info@ilnuraghe.com,http://www.ilnuraghe.com,"Boxdorfer Str. 11a,  90765 Fürth, Bayern",https://www.slowfood.de/unterstuetzer/haendler/il_nuraghe_gmbh_feinkost_naturkost
CITY COFFEE Kaffee Service Systeme GmbH,Herr Siegfried Fuchs,0911 30 30 20,s.fuchs@city-coffee.com,http://www.punero.de,"Melli-Beese-Straße 32,  90768 Fürth, Bayern",https://www.slowfood.de/unterstuetzer/haendler/city_coffee_kaffee_service_systeme_gmbh
Panaché - Der europäische Dorfladen ,Frau Christiane Strub ,0173 - 2983937 ,christianestrub@panache.de,http://panache.de,"Judengasse 32,  91781 Weißenburg, Bayern",https://www.slowfood.de/unterstuetzer/haendler/panache_der_europaeische_dorfladen
Rehorik GmbH ,Herr Joachim Rehorik,0941 - 51727 ,kaffee@rehorik.de,http://www.rehorik.de,"Am Brixener Hof 6,  93047 Regensburg, Bayern",https://www.slowfood.de/unterstuetzer/haendler/rehorik_gmbh
Käse-Wiese ... mit Laib & Seele,Frau Brigitte Griesbeck,0941 - 58 61 46 58,b.griesbeck@kaese-wiese.de,http://www.kaese-wiese.de,"Am Römling 11,  93047 Regensburg, Bayern",https://www.slowfood.de/unterstuetzer/haendler/kaese_wiese_mit_laib_seele
Enoteca Italiana,Roland Brunner,0941 - 86507 oder 01,rbrunner@enoteca-italiana.de,http://www.enoteca-italiana.de,"Wassergasse 10,  93059 Regensburg, Bayern",https://www.slowfood.de/unterstuetzer/haendler/enoteca_italiana
Spyridoula Kagiaoglou  Revela D - extra virgin olive oil & bio,Frau Spyridoula Kagiaoglou,(0 94 03) 5 65 99 50,info@revelad.de,http://www.spyridoulas.de,"Altdorferstraße 30,  93105 Tegernheim, Bayern",https://www.slowfood.de/unterstuetzer/haendler/spyridoula_kagiaoglou_revela_d
"Weinkontor Sinzing GmbH & Co, KG",Rudolf Zitzelsberger,0941 - 3 07 57 55,info@weinkontor-sinzing.de,http://www.weinkontor-sinzing.de,"Laberstr. 7A,  93161 Sinzing, Bayern",https://www.slowfood.de/unterstuetzer/haendler/weinkontor_sinzing
Bio Feinkost Heubel,Klaus Heubel,0991/ 29101866,info@bio-feinkost-heubel.de,www.bio-feinkost-heubel.de,"Ruselbergstraße 28,  94469 Deggendorf, Bayern",https://www.slowfood.de/unterstuetzer/haendler/bio-feinkost-heubel
Michaelsberger Schnaps und Spezialitätenladen,F. Keilholz/Dr. J. Meier,0951 - 9 57 01 91,mssl@bnv-bamberg.de,http://www.michaelsberger-schnapsladen.de,"Michaelsberg 8b,  96049 Bamberg, Bayern",https://www.slowfood.de/unterstuetzer/haendler/michaelsberger_schnaps_und_spezialitaetenladen
Rot Weiß Rosé,Sebastian Schütz,(09 31) 78 08 59 22,info@rotweissrose.de,https://rotweissrose.com/,"Bürgerbräu-Keller,  Frankfurter Str. 87,  97082 Würzburg, Bayern",https://www.slowfood.de/unterstuetzer/haendler/rot_weiss_rose
Leo´s Obstkiste,Peter Straub,09771-2467,leostraub@t-online.de,"Gartenstr. 38,  97616 Bad Neustadt, Bayern",https://www.slowfood.de/unterstuetzer/haendler/leos_obstkiste
Naturkost Erfurt GmbH,Thomas Hölscher,(0) 361 56 5506 800,info@naturkost-erfurt.de,http://www.naturkost-erfurt.de,"Mühlweg 16,  99091  Erfurt, Thüringen",https://www.slowfood.de/unterstuetzer/haendler/naturkost_erfurt_gmbh
Erzeugergemeinschaft Thüringen,Michelle und Sebastian von Kloch-Kornitz,03643-47 90 12,info@erzeugergemeinschaft-thueringen.de,http://www.erzeugergemeinschaft-thueringen.de,"Belvederer Allee 33,  99425 Weimar, Thüringen",https://www.slowfood.de/unterstuetzer/haendler/erzeugergemeinschaft_thueringen
TEMMA - alles isst natürlich,Christiane Speck,0221 - 149 - 5170,info@temma.de,http://www.temma.de,"Stolbergerstr. 90 - 50933 Köln,  außer in: Nordrhein-Westfalen auch in den Bundesländern Hessen und Hamburg",https://www.slowfood.de/unterstuetzer/haendler/bio_konzept_gmbh_temma
